corpus	token	lemma_guess	count	category	notes
itwac	fare	farire	1164150	phantom_upstream_lemma	lemma_guess=farire
itwac	stato	essere|stare	619842	residual	
itwac	sta	sta	532548	phantom_upstream_lemma	lemma_guess=sta
itwac	data	data	500087	foreign_word	
itwac	conto	conto	459108	foreign_word	
itwac	testo	testo	456391	residual	
itwac	visto	visto	446793	foreign_word	
itwac	serie	serie	357094	residual	
itwac	stata	essere|stare	343308	residual	
itwac	parti	parte|parto	322967	tokeniser_fixable	clitic_verb
itwac	vari	vario|varo	243569	foreign_word	
itwac	sapere	saperire	220966	phantom_upstream_lemma	lemma_guess=saperire
itwac	leggi	legge|leggio	204931	residual	
itwac	ipotesi	ipotesi	202034	residual	
itwac	durata	durata	192512	residual	
itwac	parla	pare	188794	phantom_upstream_lemma	lemma_guess=pare
itwac	migliore	migliore	187252	residual	
itwac	principi	principe|principio	180897	residual	
itwac	entrata	entrata	172419	residual	
itwac	file	fila|file	172065	foreign_word	
itwac	facendo	facendere	162447	phantom_upstream_lemma	lemma_guess=facendere
itwac	pare	pare	159369	phantom_upstream_lemma	lemma_guess=pare
itwac	stati	essere|stare	159146	tokeniser_fixable	clitic_verb
itwac	migliori	migliore	131103	residual	
itwac	testi	teste|testo	128591	tokeniser_fixable	clitic_verb
itwac	conti	conte|conto	121567	residual	
itwac	letto	lettare	120692	phantom_upstream_lemma	lemma_guess=lettare
itwac	uscita	uscita	115061	residual	
itwac	nato	natare	110960	phantom_upstream_lemma	lemma_guess=natare
itwac	definire	definirire	109555	phantom_upstream_lemma	lemma_guess=definirire
itwac	partita	partita	100497	residual	
itwac	calcio	calcio	100297	residual	
itwac	tesi	tesi	99840	residual	
itwac	lasciato	lasciatare	96050	phantom_upstream_lemma	lemma_guess=lasciatare
itwac	lâ	lâ	91011	residual	
itwac	aperto	apertire	87608	phantom_upstream_lemma	lemma_guess=apertire
itwac	morti	morte|morto	81540	tokeniser_fixable	clitic_verb
itwac	avvio	avvio	75383	residual	
itwac	seguito	seguitare	75298	phantom_upstream_lemma	lemma_guess=seguitare
itwac	riuscito	riuscitare	73293	phantom_upstream_lemma	lemma_guess=riuscitare
itwac	state	essere|stare	68491	foreign_word	
itwac	nata	natare	66179	phantom_upstream_lemma	lemma_guess=natare
itwac	indica	indicare|indire	64852	residual	
itwac	andata	andatare	64474	phantom_upstream_lemma	lemma_guess=andatare
itwac	latte	latta|latte	61728	residual	
itwac	devi	deviare|dovere	61423	proper_noun	
itwac	portata	portata	60283	residual	
itwac	morto	mortare	58006	phantom_upstream_lemma	lemma_guess=mortare
itwac	sale	sala|sale	57249	residual	
itwac	usa	usa	55567	phantom_upstream_lemma	lemma_guess=usa
itwac	entrate	entrata	54480	residual	
itwac	consigliere	consigliera|consigliere	52875	residual	
itwac	ottima	buono|ottimo	50693	residual	
itwac	dellâ	dellâ	47574	residual	
itwac	saluto	saluto	45177	residual	
itwac	signore	signora|signore	44626	residual	
itwac	riusciti	riuscitare	42006	phantom_upstream_lemma	lemma_guess=riuscitare
itwac	corretto	correttare	41322	residual	
itwac	arti	arte|arto	41098	residual	
itwac	scad	scad	40915	foreign_word	
itwac	fila	fila|filo	39975	residual	
itwac	subito	subitare	39674	residual	
itwac	triste	triste	38612	residual	
itwac	vite	vita|vite	38346	residual	
itwac	detti	dare|dettare	36339	residual	
itwac	entusiasmo	entusiasmo	35975	residual	
itwac	partite	partita	35860	foreign_word	
itwac	do	do	35575	residual	
itwac	padrone	padrona|padrone	34260	residual	
itwac	bere	berire	34090	residual	
itwac	apporto	apporto	33800	residual	
itwac	espletamento	espletamento	33513	residual	
itwac	domicilio	domicilio	33145	residual	
itwac	assunti	assuntare	32887	residual	
itwac	rosa	rosa	32241	proper_noun	
itwac	collo	collo	31721	tokeniser_fixable	clitic_verb
itwac	seguita	seguitare	31563	phantom_upstream_lemma	lemma_guess=seguitare
itwac	px	px	31547	residual	
itwac	fascino	fascino	31125	residual	
itwac	color	color	30501	foreign_word	
itwac	pressi	pressi	30237	residual	
itwac	mettersi	mettersare	29774	tokeniser_fixable	clitic_verb
itwac	date	data	29069	foreign_word	
itwac	rilancio	rilancio	28966	residual	
itwac	parlo	pare	28596	phantom_upstream_lemma	lemma_guess=pare
itwac	chiamata	chiamata	26978	residual	
itwac	staminali	staminale	26550	residual	
itwac	morta	mortare	26543	phantom_upstream_lemma	lemma_guess=mortare
itwac	allâ	allâ	26447	residual	
itwac	riordino	riordino	26363	residual	
itwac	ripristino	ripristino	25811	residual	
itwac	sentirsi	sentirrere	25806	tokeniser_fixable	clitic_verb
itwac	star	star	25527	proper_noun	
itwac	detta	detta	25493	residual	
itwac	pene	pena|pene	24957	residual	
itwac	saluti	salute|saluto	24770	residual	
itwac	messe	messa|messe	24505	residual	
itwac	generi	genere|genero	24342	residual	
itwac	indicano	indicare|indire	24112	residual	
itwac	raccordo	raccordo	24000	residual	
itwac	perdono	perdere|perdonare	23850	residual	
itwac	informare	informarire	23841	residual	
itwac	distacco	distacco	23804	residual	
itwac	transito	transito	23768	residual	
itwac	fatturato	fatturato	23758	residual	
itwac	ottimi	buono|ottimo	23644	residual	
itwac	ella	ellare	23552	residual	
itwac	ella	ellere	23552	residual	
itwac	taluni	talunare	23382	residual	
itwac	concertazione	concertazione	23058	residual	
itwac	parto	parto	22316	foreign_word	
itwac	regalo	regalo	22034	residual	
itwac	salita	salita	22021	residual	
itwac	mezz	mezz	21853	residual	
itwac	ramo	ramo	21658	residual	
itwac	puntata	puntata	21600	residual	
itwac	lucro	lucro	21368	residual	
itwac	marchi	marchio|marco	21367	residual	
itwac	stili	stile|stilo	21343	tokeniser_fixable	clitic_verb
itwac	chiamate	chiamata	21045	residual	
itwac	effettuazione	effettuazione	20749	residual	
itwac	ferite	ferita	20521	residual	
itwac	declino	declino	20256	residual	
itwac	san	san	20201	proper_noun	
itwac	secco	secco	20099	residual	
itwac	bollo	bollo	20029	residual	
itwac	congedo	congedo	19849	residual	
itwac	esser	ere	19762	residual	
itwac	accoglimento	accoglimento	19717	residual	
itwac	piombo	piombo	19650	residual	
itwac	diabete	diabeta	19506	residual	
itwac	riscatto	riscatto	19377	residual	
itwac	fonda	fondare|fondere	19370	residual	
itwac	lusso	lusso	19271	residual	
itwac	sci	sci	19036	residual	
itwac	quater	quater	19015	residual	
itwac	rami	ramo	18857	foreign_word	
itwac	risiede	risedere|risiedere	18844	residual	
itwac	geni	gene|genio	18729	residual	
itwac	teste	testa|teste	18544	residual	
itwac	preavviso	preavviso	18523	residual	
itwac	candidata	candidata	18522	residual	
itwac	seguiti	seguitare	18508	phantom_upstream_lemma	lemma_guess=seguitare
itwac	usate	usate	18497	residual	
itwac	venti	venti|vento	18061	tokeniser_fixable	clitic_verb
itwac	dâ	dâ	18003	residual	
itwac	distrutto	distruttare	17962	residual	
itwac	cemento	cemento	17686	residual	
itwac	farle	farlere	17627	tokeniser_fixable	clitic_verb
itwac	apparente	apparente	17610	residual	
itwac	capoverso	capoverso	17386	residual	
itwac	author	authore	17101	foreign_word	
itwac	intendersi	intendersare	16860	tokeniser_fixable	clitic_verb
itwac	avvento	avvento	16812	residual	
itwac	uscite	uscita	16763	residual	
itwac	condono	condono	16670	residual	
itwac	schifo	schifo	16518	residual	
itwac	decentramento	decentramento	16496	residual	
itwac	giudicatrice	giudicatore	16447	residual	
itwac	telefonata	telefonata	16385	residual	
itwac	sussidiarietà	sussidiarietà	16363	residual	
itwac	ossigeno	ossigeno	16362	residual	
itwac	border	bordere	16264	foreign_word	
itwac	border	borere	16264	foreign_word	
itwac	portiere	portiera|portiere	16216	residual	
itwac	mar	mar|mare	16136	foreign_word	
itwac	ristretto	restringere|ristringere	15835	residual	
itwac	osservatori	osservatore|osservatorio	15822	residual	
itwac	free	frea	15549	foreign_word	
itwac	perseguimento	perseguimento	15426	residual	
itwac	corresponsione	corresponsione	15350	residual	
itwac	sete	seta|sete	15309	residual	
itwac	scuro	scuro	15197	residual	
itwac	secca	secco	15138	residual	
itwac	ribasso	ribasso	14957	residual	
itwac	testate	testata	14906	foreign_word	
itwac	passeggiata	passeggiata	14810	residual	
itwac	telefonate	telefonata	14810	residual	
itwac	recepimento	recepimento	14756	residual	
itwac	conte	conta|conte	14520	residual	
itwac	accorto	accortare	14484	residual	
itwac	unâ	unâ	14427	residual	
itwac	accantonamento	accantonamento	14409	residual	
itwac	notificazione	notificazione	14304	residual	
itwac	wrote	wrote	14266	foreign_word	
itwac	ottime	buono|ottimo	14221	residual	
itwac	indennizzo	indennizzo	14053	residual	
itwac	testata	testata	13998	foreign_word	
itwac	intreccio	intreccio	13886	residual	
itwac	accreditamento	accreditamento	13814	residual	
itwac	alcuno	alcunare	13604	residual	
itwac	alcuno	alcunere	13604	residual	
itwac	assessorato	assessorato	13524	residual	
itwac	incanto	incanto	13517	residual	
itwac	risultanze	risultanza	13508	residual	
itwac	impugnazione	impugnazione	13491	residual	
itwac	incentivazione	incentivazione	13423	residual	
itwac	difendersi	difendergere	13316	tokeniser_fixable	clitic_verb
itwac	difendersi	difendersare	13316	tokeniser_fixable	clitic_verb
itwac	armonizzazione	armonizzazione	13279	residual	
wikipedia	maria	maria	163312	proper_noun	
wikipedia	maggior	maggior	129373	residual	
wikipedia	america	america	128833	proper_noun	
wikipedia	europa	europa	126309	proper_noun	
wikipedia	carlo	carlo	115529	tokeniser_fixable	clitic_verb
wikipedia	parigi	parigi	88586	proper_noun	
wikipedia	league	league	83935	foreign_word	
wikipedia	tanto	tangere	82334	phantom_upstream_lemma	lemma_guess=tangere
wikipedia	sant	sant	76748	proper_noun	
wikipedia	londra	londra	73027	proper_noun	
wikipedia	spagna	spagna	69258	proper_noun	
wikipedia	firenze	firenze	57053	proper_noun	
wikipedia	russia	russia	54396	proper_noun	
wikipedia	robert	robert	50229	proper_noun	
wikipedia	records	records	49900	residual	
wikipedia	george	george	49416	proper_noun	
wikipedia	xix	xix	48938	numerals_acronyms	
wikipedia	jean	jean	48439	proper_noun	
wikipedia	ricevette	ricevette	43961	residual	
wikipedia	bologna	bologna	43752	proper_noun	
wikipedia	xvi	xvi	43425	numerals_acronyms	
wikipedia	charles	charles	41495	proper_noun	
wikipedia	genova	genova	39315	proper_noun	
wikipedia	brasile	brasile	39238	proper_noun	
wikipedia	thomas	thomas	38697	proper_noun	
wikipedia	australia	australia	38688	proper_noun	
wikipedia	xviii	xviii	38485	numerals_acronyms	
wikipedia	angeles	angeles	36254	residual	
wikipedia	richard	richard	35789	proper_noun	
wikipedia	challenger	challenger	35728	foreign_word	
wikipedia	michele	michele	35167	proper_noun	
wikipedia	atp	atp	34723	numerals_acronyms	
wikipedia	division	division	34394	foreign_word	
wikipedia	martin	martin	34262	proper_noun	
wikipedia	xv	xv	33754	numerals_acronyms	
wikipedia	xiii	xiii	33748	numerals_acronyms	
wikipedia	xvii	xvii	33691	numerals_acronyms	
wikipedia	alcun	alcun	33647	residual	
wikipedia	polonia	polonia	33527	proper_noun	
wikipedia	championship	championship	33084	foreign_word	
wikipedia	xii	xii	32964	numerals_acronyms	
wikipedia	lorenzo	lorenzo	32948	proper_noun	
wikipedia	guglielmo	guglielmo	32835	proper_noun	
wikipedia	american	american	31933	foreign_word	
wikipedia	love	love	31728	proper_noun	
wikipedia	xiv	xiv	30988	numerals_acronyms	
wikipedia	egitto	egitto	30669	proper_noun	
wikipedia	henry	henry	30586	proper_noun	
wikipedia	vienna	vienna	30129	proper_noun	
wikipedia	louis	louis	29965	proper_noun	
wikipedia	washington	washington	29915	proper_noun	
wikipedia	united	united	29864	foreign_word	
wikipedia	joseph	joseph	29358	proper_noun	
wikipedia	essersi	essersi	28695	tokeniser_fixable	clitic_verb
wikipedia	svezia	svezia	27462	residual	
wikipedia	series	series	27440	foreign_word	
wikipedia	nessun	nessun	27001	residual	
wikipedia	ungheria	ungheria	26408	proper_noun	
wikipedia	viii	viii	26262	numerals_acronyms	
wikipedia	padova	padova	26202	proper_noun	
wikipedia	francisco	francisco	26033	proper_noun	
wikipedia	uefa	uefa	25979	residual	
wikipedia	ix	ix	25523	numerals_acronyms	
wikipedia	nessuna	nessun	25127	residual	
wikipedia	awards	awards	25108	residual	
wikipedia	alpi	alpi	24969	residual	
wikipedia	smith	smith	24911	proper_noun	
wikipedia	eccentricità	eccentricità	24656	residual	
wikipedia	chicago	chicago	24560	residual	
wikipedia	vincenzo	vincenzo	24485	proper_noun	
wikipedia	pierre	pierre	24147	proper_noun	
wikipedia	eclittica	eclittica	24102	residual	
wikipedia	semiasse	semiasse	23738	residual	
wikipedia	farsi	farsi	23726	tokeniser_fixable	clitic_verb
wikipedia	arcidiocesi	arcidiocesi	23251	residual	
wikipedia	anti	anti	23238	foreign_word	
wikipedia	napoleone	napoleone	23199	residual	
wikipedia	champions	champions	23181	residual	
wikipedia	slalom	slalom	23129	residual	
wikipedia	ua	ua	22987	residual	
wikipedia	ferdinando	ferdinando	22954	proper_noun	
wikipedia	daniel	daniel	22722	proper_noun	
wikipedia	novecento	novecento	22552	residual	
wikipedia	savoia	savoia	22273	residual	
wikipedia	juan	juan	21919	proper_noun	
wikipedia	portogallo	portogallo	21774	proper_noun	
wikipedia	corea	corea	21723	residual	
wikipedia	williams	williams	21610	residual	
wikipedia	josé	josé	21465	residual	
wikipedia	tokyo	tokyo	21314	proper_noun	
wikipedia	emilia	emilia	21143	proper_noun	
wikipedia	mike	mike	21136	proper_noun	
wikipedia	jones	jones	20872	foreign_word	
wikipedia	martino	martino	20724	proper_noun	
wikipedia	scozia	scozia	20569	residual	
wikipedia	liga	liga	20553	residual	
wikipedia	brescia	brescia	20500	residual	
wikipedia	ferrari	ferrari	20421	residual	
wikipedia	baviera	baviera	20310	residual	
wikipedia	cover	cover	20251	foreign_word	
wikipedia	romania	romania	20099	proper_noun	
wikipedia	scott	scott	20096	proper_noun	
wikipedia	legenda	legenda	19951	foreign_word	
wikipedia	pisa	pisa	19950	proper_noun	
wikipedia	claudio	claudio	19542	proper_noun	
wikipedia	chris	chris	19438	proper_noun	
wikipedia	disambigua	disambigua	19341	residual	
wikipedia	steve	steve	19011	proper_noun	
wikipedia	virginia	virginia	18909	proper_noun	
wikipedia	marie	marie	18890	proper_noun	
wikipedia	barcellona	barcellona	18699	residual	
wikipedia	costantinopoli	costantinopoli	18640	residual	
wikipedia	farlo	farlo	18537	tokeniser_fixable	clitic_verb
wikipedia	calabria	calabria	18508	proper_noun	
wikipedia	tommaso	tommaso	18446	proper_noun	
wikipedia	prix	prix	18405	residual	
wikipedia	edward	edward	18318	proper_noun	
wikipedia	carlos	carlos	18313	proper_noun	
wikipedia	alfonso	alfonso	17816	proper_noun	
wikipedia	rapper	rapper	17709	foreign_word	
wikipedia	emanuele	emanuele	17708	residual	
wikipedia	norvegia	norvegia	17682	residual	
wikipedia	alexander	alexander	17668	proper_noun	
wikipedia	elena	elena	17617	proper_noun	
wikipedia	piemonte	piemonte	17500	proper_noun	
wikipedia	danimarca	danimarca	17457	residual	
wikipedia	women	women	17423	residual	
wikipedia	white	white	17412	foreign_word	
wikipedia	johnson	johnson	17084	residual	
wikipedia	atene	atene	16927	tokeniser_fixable	clitic_verb
wikipedia	billboard	billboard	16858	foreign_word	
wikipedia	gerusalemme	gerusalemme	16749	residual	
wikipedia	trieste	trieste	16738	proper_noun	
wikipedia	alessandria	alessandria	16657	residual	
wikipedia	reggio	reggio	16631	residual	
wikipedia	complessivamente	complessivamente	16501	residual	
wikipedia	green	green	16450	foreign_word	
wikipedia	tassonomia	tassonomia	16365	residual	
wikipedia	catania	catania	16325	proper_noun	
wikipedia	bergamo	bergamo	16282	foreign_word	
wikipedia	pictures	pictures	16273	residual	
wikipedia	modena	modena	16260	proper_noun	
wikipedia	davis	davis	16185	proper_noun	
wikipedia	carolina	carolina	16119	proper_noun	
wikipedia	retrocessione	retrocessione	16074	residual	
wikipedia	windows	windows	16068	residual	
wikipedia	island	island	16056	foreign_word	
wikipedia	life	life	16027	foreign_word	
wikipedia	elisabetta	elisabetta	16001	proper_noun	
wikipedia	simon	simon	15868	proper_noun	
wikipedia	cacciatorpediniere	cacciatorpediniere	15789	residual	
wikipedia	states	states	15763	residual	
wikipedia	taylor	taylor	15700	proper_noun	
wikipedia	gregorio	gregorio	15673	proper_noun	
wikipedia	arthur	arthur	15672	proper_noun	
wikipedia	karl	karl	15646	proper_noun	
wikipedia	trasferirsi	trasferirsi	15584	tokeniser_fixable	clitic_verb
wikipedia	laura	laura	15573	proper_noun	
wikipedia	toponimo	toponimo	15530	residual	
wikipedia	edoardo	edoardo	15489	residual	
wikipedia	teresa	teresa	15469	proper_noun	
wikipedia	ferrara	ferrara	15440	foreign_word	
wikipedia	etimologia	etimologia	15296	residual	
wikipedia	north	north	15271	foreign_word	
wikipedia	z	z	15220	residual	
wikipedia	christian	christian	15207	proper_noun	
wikipedia	albert	albert	15114	proper_noun	
wikipedia	carl	carl	15101	proper_noun	
wikipedia	brian	brian	15074	proper_noun	
wikipedia	adam	adam	15064	proper_noun	
wikipedia	trento	trento	15043	residual	
wikipedia	ritirarsi	ritirarsi	15021	tokeniser_fixable	clitic_verb
wikipedia	london	london	14947	residual	
wikipedia	hitler	hitler	14944	residual	
wikipedia	giulia	giulia	14854	proper_noun	
wikipedia	pavia	pavia	14846	proper_noun	
wikipedia	wilson	wilson	14839	proper_noun	
wikipedia	jacques	jacques	14827	proper_noun	
wikipedia	south	south	14805	foreign_word	
wikipedia	boston	boston	14794	foreign_word	
wikipedia	hamilton	hamilton	14772	proper_noun	
wikipedia	covid	covid	14771	numerals_acronyms	
wikipedia	sassonia	sassonia	14704	residual	
wikipedia	comics	comics	14696	residual	
wikipedia	sanremo	sanremo	14614	residual	
wikipedia	theatre	theatre	14447	residual	
wikipedia	nba	nba	14338	residual	
wikipedia	lewis	lewis	14311	proper_noun	
wikipedia	ludovico	ludovico	14298	residual	
wikipedia	johann	johann	14230	proper_noun	
wikipedia	inaugurata	inaugurato	14209	residual	
wikipedia	zelanda	zelanda	14202	residual	
wikipedia	umberto	umberto	14174	proper_noun	
wikipedia	françois	françois	14052	residual	
wikipedia	arts	arts	14042	residual	
wikipedia	mantova	mantova	14028	residual	
wikipedia	roger	roger	14024	proper_noun	
wikipedia	garibaldi	garibaldi	14020	foreign_word	
wikipedia	georgia	georgia	14000	proper_noun	
wikipedia	gianni	gianni	13970	residual	
news	europa	europa	2842	proper_noun	
news	-	-	2673	residual	
news	trump	trump	1798	proper_noun	
news	ue	ue	1690	numerals_acronyms	
news	maggior	maggior	1336	residual	
news	eurozona	eurozona	1087	residual	
news	america	america	1033	proper_noun	
news	fed	fed	778	numerals_acronyms	
news	bce	bce	743	numerals_acronyms	
news	tanto	tangere	725	phantom_upstream_lemma	lemma_guess=tangere
news	russia	russia	701	proper_noun	
news	obama	obama	571	proper_noun	
news	fmi	fmi	523	numerals_acronyms	
news	iran	iran	521	proper_noun	
news	alcun	alcun	433	residual	
news	spagna	spagna	413	proper_noun	
news	corea	corea	408	residual	
news	londra	londra	406	proper_noun	
news	parigi	parigi	392	proper_noun	
news	federal	federal	389	foreign_word	
news	brexit	brexit	372	residual	
news	surplus	surplus	371	foreign_word	
news	military	military	365	foreign_word	
news	siria	siria	361	proper_noun	
news	austerità	austerità	359	residual	
news	reserve	reserve	353	foreign_word	
news	renminbi	renminbi	345	residual	
news	washington	washington	343	proper_noun	
news	ancor	ancor	336	residual	
news	asset	asset	332	foreign_word	
news	l'economia	l'economia	326	tokeniser_fixable	apostrophe_contraction
news	donald	donald	323	proper_noun	
news	brasile	brasile	312	proper_noun	
news	farlo	farlo	304	tokeniser_fixable	clitic_verb
news	nessun	nessun	301	residual	
news	default	default	297	foreign_word	
news	particolar	particolar	292	residual	
news	cambridge	cambridge	276	residual	
news	putin	putin	272	proper_noun	
news	covid-	covid-	266	residual	
news	trilioni	trilione	258	residual	
news	c'è	c'è	227	tokeniser_fixable	apostrophe_contraction
news	policymaker	policymaker	221	residual	
news	altresì	altresì	219	residual	
news	nessuna	nessun	218	residual	
news	hiv	hiv	213	numerals_acronyms	
news	qe	qe	212	numerals_acronyms	
news	barack	barack	207	proper_noun	
news	egitto	egitto	204	proper_noun	
news	azionari	azionari	201	residual	
news	stagnazione	stagnazione	199	residual	
news	united	united	198	foreign_word	
news	macron	macron	197	foreign_word	
news	bruxelles	bruxelles	191	proper_noun	
news	targeted	targeted	189	foreign_word	
news	killing	killing	189	foreign_word	
news	iran's	iran's	189	residual	
news	iranian	iranian	189	foreign_word	
news	portogallo	portogallo	187	proper_noun	
news	states	states	185	residual	
news	deflazione	deflazione	182	residual	
news	aziendali	aziendali	181	residual	
news	l'europa	l'europa	179	tokeniser_fixable	apostrophe_contraction
news	nigeria	nigeria	175	residual	
news	represents	represents	174	residual	
news	significant	significant	174	foreign_word	
news	symbolic	symbolic	174	foreign_word	
news	defeat	defeat	174	foreign_word	
news	does	does	174	foreign_word	
news	augur	augur	174	foreign_word	
news	all-out	all-out	174	residual	
news	already	already	174	foreign_word	
news	been	been	174	foreign_word	
news	decades	decades	174	residual	
news	neither	neither	174	foreign_word	
news	interest	interest	174	foreign_word	
news	uncontrolled	uncontrolled	174	foreign_word	
news	dell'eurozona	dell'eurozona	174	tokeniser_fixable	apostrophe_contraction
news	easing	easing	167	foreign_word	
news	volatilità	volatilità	167	residual	
news	dell'economia	dell'economia	165	tokeniser_fixable	apostrophe_contraction
news	pakistan	pakistan	164	residual	
news	disavanzo	disavanzo	163	residual	
news	merkel	merkel	161	residual	
news	polonia	polonia	157	proper_noun	
news	concentrarsi	concentrarsi	155	tokeniser_fixable	clitic_verb
news	multilaterali	multilaterale	154	residual	
news	ebola	ebola	151	residual	
news	impegnarsi	impegnarsi	143	tokeniser_fixable	clitic_verb
news	g-	g-	141	residual	
news	allentamento	allentamento	137	residual	
news	ocse	ocse	137	numerals_acronyms	
news	arabia	arabia	135	residual	
news	esportatori	esportatore	133	residual	
news	hong	hong	133	foreign_word	
news	george	george	132	proper_noun	
news	economic	economic	129	foreign_word	
news	resilienza	resilienza	128	residual	
news	macroeconomica	macroeconomico	126	residual	
news	farsi	farsi	125	tokeniser_fixable	clitic_verb
news	afghanistan	afghanistan	125	residual	
news	period	period	125	foreign_word	
news	protezionismo	protezionismo	124	residual	
news	permettersi	permettersi	123	tokeniser_fixable	clitic_verb
news	eurobond	eurobond	123	residual	
news	multilaterale	multilaterale	122	residual	
news	sub-sahariana	sub-sahariana	121	residual	
news	apart	apart	121	foreign_word	
news	tbc	tbc	121	numerals_acronyms	
news	clinton	clinton	120	proper_noun	
news	bizarre	bizarre	120	foreign_word	
news	effective	effective	120	foreign_word	
news	grip	grip	120	foreign_word	
news	republicans	republicans	120	residual	
news	vicious	vicious	120	foreign_word	
news	infighting	infighting	120	foreign_word	
news	conceivably	conceivably	120	foreign_word	
news	tear	tear	120	foreign_word	
news	richly	richly	120	foreign_word	
news	deserve	deserve	120	foreign_word	
news	'	'	118	residual	
news	cameron	cameron	118	proper_noun	
news	singapore	singapore	118	residual	
news	leading	leading	118	foreign_word	
news	dell'europa	dell'europa	117	tokeniser_fixable	apostrophe_contraction
news	romney	romney	117	foreign_word	
news	ideas	ideas	117	residual	
news	annual	annual	117	foreign_word	
news	tpp	tpp	116	numerals_acronyms	
news	enjoy	enjoy	116	foreign_word	
news	unlimited	unlimited	116	foreign_word	
news	opinions	opinions	116	residual	
news	world's	world's	116	residual	
news	thinkers	thinkers	116	residual	
news	including	including	116	residual	
news	weekly	weekly	116	foreign_word	
news	reads	reads	116	residual	
news	reviews	reviews	116	residual	
news	interviews	interviews	116	residual	
news	ahead	ahead	116	foreign_word	
news	print	print	116	foreign_word	
news	archive	archive	116	foreign_word	
news	less	less	116	foreign_word	
news	month	month	116	foreign_word	
news	rivelarsi	rivelarsi	115	tokeniser_fixable	clitic_verb
news	erdo	erdo	114	residual	
news	institute	institute	114	foreign_word	
news	australia	australia	112	proper_noun	
news	trade	trade	111	foreign_word	
news	l'inflazione	l'inflazione	107	tokeniser_fixable	apostrophe_contraction
news	facebook	facebook	106	residual	
news	berkeley	berkeley	106	proper_noun	
news	perchè	perchè	106	residual	
news	vent	vent	105	foreign_word	
news	bernanke	bernanke	104	residual	
news	libia	libia	104	residual	
news	oss	oss	103	residual	
news	angela	angela	103	proper_noun	
news	pechino	pechino	102	proper_noun	
news	assad	assad	102	residual	
news	indonesia	indonesia	101	residual	
news	oms	oms	100	residual	
news	venezuela	venezuela	99	residual	
news	biden	biden	99	proper_noun	
news	reagan	reagan	98	proper_noun	
news	fund	fund	96	foreign_word	
news	bangladesh	bangladesh	96	residual	
news	un'economia	un'economia	95	tokeniser_fixable	apostrophe_contraction
news	kenya	kenya	95	residual	
news	green	green	94	foreign_word	
news	basilea	basilea	94	residual	
news	harvard	harvard	93	proper_noun	
news	l'ue	l'ue	93	tokeniser_fixable	apostrophe_contraction
news	foundation	foundation	93	foreign_word	
news	esserci	esserci	92	tokeniser_fixable	clitic_verb
news	doha	doha	91	residual	
news	sdg	sdg	91	numerals_acronyms	
news	immunizzazione	immunizzazione	90	residual	
news	riequilibrio	riequilibrio	89	residual	
news	antimicrobica	antimicrobica	89	residual	
news	ungheria	ungheria	88	proper_noun	
news	indebolimento	indebolimento	86	residual	
news	lehman	lehman	86	residual	
news	dell'unione	dell'unione	85	tokeniser_fixable	apostrophe_contraction
news	svezia	svezia	85	residual	
news	piketty	piketty	85	residual	
news	l'unione	l'unione	85	tokeniser_fixable	apostrophe_contraction
news	aspettarsi	aspettarsi	85	tokeniser_fixable	clitic_verb
news	focalizzarsi	focalizzarsi	85	tokeniser_fixable	clitic_verb
news	polarizzazione	polarizzazione	85	residual	
news	keynes	keynes	85	residual	
news	robert	robert	84	proper_noun	
news	un'altra	un'altra	84	tokeniser_fixable	apostrophe_contraction
news	diabete	diabete	83	residual	
news	polio	polio	83	foreign_word	
news	comunicabili	comunicabile	82	residual	
news	orbán	orbán	82	residual	
news	quest'anno	quest'anno	81	tokeniser_fixable	apostrophe_contraction
news	preoccuparsi	preoccuparsi	81	tokeniser_fixable	clitic_verb
news	friedman	friedman	79	residual	
lip	-	-	159332	residual	
lip	dell'unione	dell'unione	59852	tokeniser_fixable	apostrophe_contraction
lip	europa	europa	49723	proper_noun	
lip	e'	e'	46108	residual	
lip	l'unione	l'unione	42776	tokeniser_fixable	apostrophe_contraction
lip	l'onorevole	l'onorevole	23311	tokeniser_fixable	apostrophe_contraction
lip	l'europa	l'europa	19954	tokeniser_fixable	apostrophe_contraction
lip	tanto	tangere	14940	phantom_upstream_lemma	lemma_guess=tangere
lip	dell'onorevole	dell'onorevole	14468	tokeniser_fixable	apostrophe_contraction
lip	lisbona	lisbona	13921	proper_noun	
lip	nell'ambito	nell'ambito	13123	tokeniser_fixable	apostrophe_contraction
lip	alcun	alcun	12740	residual	
lip	russia	russia	12163	proper_noun	
lip	maggior	maggior	11970	residual	
lip	c'è	c'è	11771	tokeniser_fixable	apostrophe_contraction
lip	altresì	altresì	11451	residual	
lip	dell'europa	dell'europa	11311	tokeniser_fixable	apostrophe_contraction
lip	nell'unione	nell'unione	11095	tokeniser_fixable	apostrophe_contraction
lip	all'interno	all'interno	11084	tokeniser_fixable	apostrophe_contraction
lip	dell'ue	dell'ue	10274	tokeniser_fixable	apostrophe_contraction
lip	relatrice	relatrice	10069	residual	
lip	ue	ue	9364	numerals_acronyms	
lip	l'obiettivo	l'obiettivo	8284	tokeniser_fixable	apostrophe_contraction
lip	dall'onorevole	dall'onorevole	8091	tokeniser_fixable	apostrophe_contraction
lip	farlo	farlo	7957	tokeniser_fixable	clitic_verb
lip	d'accordo	d'accordo	7889	tokeniser_fixable	apostrophe_contraction
lip	partenariato	partenariato	7424	residual	
lip	all'unione	all'unione	7412	tokeniser_fixable	apostrophe_contraction
lip	dell'uomo	dell'uomo	7287	tokeniser_fixable	apostrophe_contraction
lip	l'accordo	l'accordo	7001	tokeniser_fixable	apostrophe_contraction
lip	l'emendamento	l'emendamento	6698	tokeniser_fixable	apostrophe_contraction
lip	l'ordine	l'ordine	6315	tokeniser_fixable	apostrophe_contraction
lip	l'importanza	l'importanza	6265	tokeniser_fixable	apostrophe_contraction
lip	l'ambiente	l'ambiente	6098	tokeniser_fixable	apostrophe_contraction
lip	bruxelles	bruxelles	6058	proper_noun	
lip	congratularmi	congratularmi	5998	residual	
lip	l'occupazione	l'occupazione	5805	tokeniser_fixable	apostrophe_contraction
lip	kosovo	kosovo	5736	proper_noun	
lip	d'azione	d'azione	5585	tokeniser_fixable	apostrophe_contraction
lip	dell'ambiente	dell'ambiente	5546	tokeniser_fixable	apostrophe_contraction
lip	quest'aula	quest'aula	5537	tokeniser_fixable	apostrophe_contraction
lip	l'ue	l'ue	5463	tokeniser_fixable	apostrophe_contraction
lip	dell'accordo	dell'accordo	4775	tokeniser_fixable	apostrophe_contraction
lip	romania	romania	4733	proper_noun	
lip	l'industria	l'industria	4706	tokeniser_fixable	apostrophe_contraction
lip	l'attenzione	l'attenzione	4678	tokeniser_fixable	apostrophe_contraction
lip	spagna	spagna	4658	proper_noun	
lip	nessun	nessun	4612	residual	
lip	l'accesso	l'accesso	4492	tokeniser_fixable	apostrophe_contraction
lip	quest'anno	quest'anno	4362	tokeniser_fixable	apostrophe_contraction
lip	nn	nn	4355	residual	
lip	dell'articolo	dell'articolo	4337	tokeniser_fixable	apostrophe_contraction
lip	sussidiarietà	sussidiarietà	4324	residual	
lip	l'attuale	l'attuale	4296	tokeniser_fixable	apostrophe_contraction
lip	l'altro	l'altro	4287	tokeniser_fixable	apostrophe_contraction
lip	l'agricoltura	l'agricoltura	4253	tokeniser_fixable	apostrophe_contraction
lip	un'altra	un'altra	4216	tokeniser_fixable	apostrophe_contraction
lip	pmi	pmi	4215	residual	
lip	un'europa	un'europa	4210	tokeniser_fixable	apostrophe_contraction
lip	all'onorevole	all'onorevole	4199	tokeniser_fixable	apostrophe_contraction
lip	l'anno	l'anno	4097	tokeniser_fixable	apostrophe_contraction
lip	anch'io	anch'io	4069	residual	
lip	intergovernativa	intergovernativo	4067	residual	
lip	l'attuazione	l'attuazione	4065	tokeniser_fixable	apostrophe_contraction
lip	discarico	discaricare	4042	residual	
lip	dell'euro	dell'euro	4032	tokeniser_fixable	apostrophe_contraction
lip	dell'energia	dell'energia	3980	tokeniser_fixable	apostrophe_contraction
lip	schengen	schengen	3975	residual	
lip	l'idea	l'idea	3937	tokeniser_fixable	apostrophe_contraction
lip	l'impegno	l'impegno	3919	tokeniser_fixable	apostrophe_contraction
lip	l'adozione	l'adozione	3852	tokeniser_fixable	apostrophe_contraction
lip	portogallo	portogallo	3849	proper_noun	
lip	l'applicazione	l'applicazione	3805	tokeniser_fixable	apostrophe_contraction
lip	pl	pl	3733	residual	
lip	ancor	ancor	3727	residual	
lip	l'introduzione	l'introduzione	3711	tokeniser_fixable	apostrophe_contraction
lip	congratulo	congratulare	3704	residual	
lip	cipro	cipro	3675	residual	
lip	polonia	polonia	3667	proper_noun	
lip	l'energia	l'energia	3665	tokeniser_fixable	apostrophe_contraction
lip	nessuna	nessun	3659	residual	
lip	balcani	balcani	3635	residual	
lip	svezia	svezia	3613	residual	
lip	dall'altro	dall'altro	3567	tokeniser_fixable	apostrophe_contraction
lip	taluni	taluni	3561	residual	
lip	dell'economia	dell'economia	3556	tokeniser_fixable	apostrophe_contraction
lip	bulgaria	bulgaria	3547	residual	
lip	barroso	barroso	3522	residual	
lip	l'economia	l'economia	3466	tokeniser_fixable	apostrophe_contraction
lip	l'articolo	l'articolo	3449	tokeniser_fixable	apostrophe_contraction
lip	d'europa	d'europa	3411	tokeniser_fixable	apostrophe_contraction
lip	l'opportunità	l'opportunità	3364	tokeniser_fixable	apostrophe_contraction
lip	l'iniziativa	l'iniziativa	3355	tokeniser_fixable	apostrophe_contraction
lip	dall'unione	dall'unione	3351	tokeniser_fixable	apostrophe_contraction
lip	vedasi	vedasi	3295	residual	
lip	codecisione	codecisione	3274	residual	
lip	strasburgo	strasburgo	3265	residual	
lip	acp	acp	3256	residual	
lip	all'inizio	all'inizio	3248	tokeniser_fixable	apostrophe_contraction
lip	l'uso	l'uso	3238	tokeniser_fixable	apostrophe_contraction
lip	bielorussia	bielorussia	3170	residual	
lip	pac	pac	3083	foreign_word	
lip	nizza	nizza	3021	residual	
lip	dell'anno	dell'anno	3006	tokeniser_fixable	apostrophe_contraction
lip	dev'essere	dev'essere	2960	residual	
lip	un'azione	un'azione	2925	tokeniser_fixable	apostrophe_contraction
lip	l'unico	l'unico	2904	tokeniser_fixable	apostrophe_contraction
lip	l'adesione	l'adesione	2886	tokeniser_fixable	apostrophe_contraction
lip	armonizzazione	armonizzazione	2854	residual	
lip	dell'industria	dell'industria	2845	tokeniser_fixable	apostrophe_contraction
lip	ecu	ecu	2813	residual	
lip	l'opinione	l'opinione	2795	tokeniser_fixable	apostrophe_contraction
lip	dell'occupazione	dell'occupazione	2728	tokeniser_fixable	apostrophe_contraction
lip	dell'informazione	dell'informazione	2721	tokeniser_fixable	apostrophe_contraction
lip	ppe-de	ppe-de	2716	residual	
lip	l'occasione	l'occasione	2705	tokeniser_fixable	apostrophe_contraction
lip	l'integrazione	l'integrazione	2666	tokeniser_fixable	apostrophe_contraction
lip	l'azione	l'azione	2636	tokeniser_fixable	apostrophe_contraction
lip	omc	omc	2633	residual	
lip	copenaghen	copenaghen	2615	residual	
lip	l'unica	l'unica	2596	tokeniser_fixable	apostrophe_contraction
lip	interistituzionale	interistituzionale	2544	residual	
lip	nell'interesse	nell'interesse	2530	tokeniser_fixable	apostrophe_contraction
lip	serbia	serbia	2512	proper_noun	
lip	lussemburgo	lussemburgo	2428	residual	
lip	senz'altro	senz'altro	2418	residual	
lip	l'intera	l'intera	2418	tokeniser_fixable	apostrophe_contraction
lip	com'è	com'è	2414	residual	
lip	l'istruzione	l'istruzione	2398	tokeniser_fixable	apostrophe_contraction
lip	georgia	georgia	2397	proper_noun	
lip	kyoto	kyoto	2384	residual	
lip	l'aumento	l'aumento	2381	tokeniser_fixable	apostrophe_contraction
lip	conformemente	conformemente	2375	residual	
lip	l'obbligo	l'obbligo	2361	tokeniser_fixable	apostrophe_contraction
lip	l'euro	l'euro	2347	tokeniser_fixable	apostrophe_contraction
lip	impegnarsi	impegnarsi	2343	tokeniser_fixable	clitic_verb
lip	all'articolo	all'articolo	2342	tokeniser_fixable	apostrophe_contraction
lip	finlandia	finlandia	2323	residual	
lip	pse	pse	2297	residual	
lip	all'ordine	all'ordine	2281	tokeniser_fixable	apostrophe_contraction
lip	iran	iran	2281	proper_noun	
lip	nl	nl	2257	residual	
lip	l'istituzione	l'istituzione	2220	tokeniser_fixable	apostrophe_contraction
lip	ppe	ppe	2193	residual	
lip	l'approvazione	l'approvazione	2180	tokeniser_fixable	apostrophe_contraction
lip	l'interrogazione	l'interrogazione	2159	tokeniser_fixable	apostrophe_contraction
lip	un'unione	un'unione	2150	tokeniser_fixable	apostrophe_contraction
lip	corea	corea	2143	residual	
lip	consentitemi	consentitemi	2141	residual	
lip	d'altro	d'altro	2141	tokeniser_fixable	apostrophe_contraction
lip	soffermarmi	soffermarmi	2105	tokeniser_fixable	clitic_verb
lip	barcellona	barcellona	2100	residual	
lip	quest'assemblea	quest'assemblea	2093	tokeniser_fixable	apostrophe_contraction
lip	l'ampliamento	l'ampliamento	2058	tokeniser_fixable	apostrophe_contraction
lip	segnatamente	segnatamente	2049	residual	
lip	europol	europol	2047	residual	
lip	dall'inizio	dall'inizio	2045	tokeniser_fixable	apostrophe_contraction
lip	l'impressione	l'impressione	2033	tokeniser_fixable	apostrophe_contraction
lip	l'assistenza	l'assistenza	2026	tokeniser_fixable	apostrophe_contraction
lip	l'impatto	l'impatto	2024	tokeniser_fixable	apostrophe_contraction
lip	america	america	2009	proper_noun	
lip	dell'attuale	dell'attuale	1989	tokeniser_fixable	apostrophe_contraction
lip	baltico	baltico	1985	residual	
lip	permettetemi	permettetemi	1983	residual	
lip	l'intero	l'intero	1981	tokeniser_fixable	apostrophe_contraction
lip	transfrontaliera	transfrontaliera	1966	residual	
lip	marocco	marocco	1964	residual	
lip	h-	h-	1950	residual	
lip	l'ultima	l'ultima	1938	tokeniser_fixable	apostrophe_contraction
lip	dell'omc	dell'omc	1937	tokeniser_fixable	apostrophe_contraction
lip	negoziale	negoziale	1925	tokeniser_fixable	clitic_verb
lip	maastricht	maastricht	1924	residual	
lip	danimarca	danimarca	1923	residual	
lip	l'accento	l'accento	1922	tokeniser_fixable	apostrophe_contraction
lip	all'europa	all'europa	1916	tokeniser_fixable	apostrophe_contraction
lip	assumersi	assumersi	1914	tokeniser_fixable	clitic_verb
lip	l'efficienza	l'efficienza	1912	tokeniser_fixable	apostrophe_contraction
lip	l'esercizio	l'esercizio	1909	tokeniser_fixable	apostrophe_contraction
lip	dell'onu	dell'onu	1908	tokeniser_fixable	apostrophe_contraction
lip	pakistan	pakistan	1901	residual	
lip	l'utilizzo	l'utilizzo	1898	tokeniser_fixable	apostrophe_contraction
lip	bce	bce	1895	numerals_acronyms	
lip	l'attività	l'attività	1887	tokeniser_fixable	apostrophe_contraction
lip	l'allargamento	l'allargamento	1886	tokeniser_fixable	apostrophe_contraction
lip	offerto	offerto	1884	residual	
lip	l'innovazione	l'innovazione	1869	tokeniser_fixable	apostrophe_contraction
lip	l'assemblea	l'assemblea	1852	tokeniser_fixable	apostrophe_contraction
lip	talune	talun	1843	residual	
lip	dell'emendamento	dell'emendamento	1837	tokeniser_fixable	apostrophe_contraction
lip	l'organizzazione	l'organizzazione	1830	tokeniser_fixable	apostrophe_contraction
lip	rafforzata	rafforzato	1816	residual	
lip	farsi	farsi	1815	tokeniser_fixable	clitic_verb
lip	l'approccio	l'approccio	1797	tokeniser_fixable	apostrophe_contraction
lip	afghanistan	afghanistan	1787	residual	
lip	dell'organizzazione	dell'organizzazione	1777	tokeniser_fixable	apostrophe_contraction
lip	un'iniziativa	un'iniziativa	1775	tokeniser_fixable	apostrophe_contraction
lip	cee	cee	1768	foreign_word	
lip	nell'ue	nell'ue	1748	tokeniser_fixable	apostrophe_contraction
lip	l'aspetto	l'aspetto	1739	tokeniser_fixable	apostrophe_contraction
lip	dell'agricoltura	dell'agricoltura	1728	tokeniser_fixable	apostrophe_contraction
literature	nè	nè	7660	archaic	
literature	perchè	perchè	7503	archaic	
literature	de'	de'	7134	archaic	
literature	tanto	tangere	5487	phantom_upstream_lemma	lemma_guess=tangere
literature	avea	avea	4833	archaic	
literature	-	-	4650	residual	
literature	--	--	4487	residual	
literature	d'un	d'un	2782	tokeniser_fixable	apostrophe_contraction
literature	carlo	carlo	2674	tokeniser_fixable	clitic_verb
literature	piú	piú	2294	residual	
literature	poichè	poichè	2036	archaic	
literature	ch'io	ch'io	1865	archaic	
literature	'l	'l	1816	archaic	
literature	anco	anco	1796	archaic	
literature	a'	a'	1639	archaic	
literature	d'una	d'una	1571	tokeniser_fixable	apostrophe_contraction
literature	rispose	rispose	1560	residual	
literature	l'altro	l'altro	1426	tokeniser_fixable	apostrophe_contraction
literature	lib	lib	1410	proper_noun	
literature	maggior	maggior	1379	residual	
literature	que'	que'	1338	archaic	
literature	ne'	ne'	1257	archaic	
literature	parigi	parigi	1241	proper_noun	
literature	sgg	sgg	1213	numerals_acronyms	
literature	ruggiero	ruggiero	1209	proper_noun	
literature	fog	fog	1131	foreign_word	
literature	spagna	spagna	1130	proper_noun	
literature	alcun	alcun	1117	archaic	
literature	chè	chè	1102	archaic	
literature	dionisio	dionisio	1102	proper_noun	
literature	firenze	firenze	1010	proper_noun	
literature	gregorio	gregorio	1002	proper_noun	
literature	calabria	calabria	994	proper_noun	
literature	contra	contra	984	archaic	
literature	vuol	vuol	970	archaic	
literature	ancor	ancor	969	archaic	
literature	un'altra	un'altra	941	tokeniser_fixable	apostrophe_contraction
literature	etc	etc	927	residual	
literature	d'ogni	d'ogni	922	tokeniser_fixable	apostrophe_contraction
literature	federigo	federigo	915	proper_noun	
literature	quivi	quivi	904	archaic	
literature	ch'egli	ch'egli	900	archaic	
literature	ved	ved	897	residual	
literature	figliuolo	figliuolo	884	archaic	
literature	s'era	s'era	866	archaic	
literature	pei	pei	850	archaic	
literature	egitto	egitto	850	proper_noun	
literature	niccolò	niccolò	799	proper_noun	
literature	farsi	farsi	765	tokeniser_fixable	clitic_verb
literature	potea	potea	747	archaic	
literature	d'italia	d'italia	725	tokeniser_fixable	apostrophe_contraction
literature	quantunque	quantunque	713	residual	
literature	l'altra	l'altra	710	tokeniser_fixable	apostrophe_contraction
literature	aveano	aveano	710	archaic	
literature	fe'	fe'	694	archaic	
literature	à	à	687	residual	
literature	costantinopoli	costantinopoli	660	residual	
literature	pizzoni	pizzoni	657	residual	
literature	ec	ec	650	residual	
literature	co'	co'	640	archaic	
literature	seco	seco	637	residual	
literature	vegga	vegga	637	residual	
literature	napoleone	napoleone	631	residual	
literature	guglielmo	guglielmo	630	proper_noun	
literature	benchè	benchè	620	residual	
literature	maria	maria	619	proper_noun	
literature	ortensia	ortensia	618	proper_noun	
literature	seg	seg	611	foreign_word	
literature	l'uno	l'uno	608	tokeniser_fixable	apostrophe_contraction
literature	ruggier	ruggier	608	residual	
literature	ibn-el-athîr	ibn-el-athîr	602	residual	
literature	d'oro	d'oro	597	tokeniser_fixable	apostrophe_contraction
literature	c'è	c'è	597	tokeniser_fixable	apostrophe_contraction
literature	avean	avean	594	archaic	
literature	ivi	ivi	589	archaic	
literature	quod	quod	579	foreign_word	
literature	nunzio	nunzio	579	proper_noun	
literature	dovea	dovea	574	archaic	
literature	segg	segg	568	residual	
literature	allorchè	allorchè	552	residual	
literature	belgiojoso	belgiojoso	552	residual	
literature	ch'era	ch'era	536	archaic	
literature	morton	morton	536	proper_noun	
literature	figliuoli	figliuolo	533	archaic	
literature	affrica	affrica	533	residual	
literature	vicerè	vicerè	527	residual	
literature	viii	viii	526	numerals_acronyms	
literature	cagione	cagione	523	residual	
literature	xii	xii	522	numerals_acronyms	
literature	ibid	ibid	521	foreign_word	
literature	claudio	claudio	519	proper_noun	
literature	lamberto	lamberto	517	residual	
literature	ix	ix	513	numerals_acronyms	
literature	egualmente	egualmente	510	residual	
literature	europa	europa	501	proper_noun	
literature	nessun	nessun	499	archaic	
literature	bibl	bibl	499	residual	
literature	pompeo	pompeo	497	residual	
literature	iddio	iddio	496	foreign_word	
literature	sovente	sovente	490	residual	
literature	tommaso	tommaso	484	proper_noun	
literature	d'aver	d'aver	474	tokeniser_fixable	apostrophe_contraction
literature	ch'ei	ch'ei	471	tokeniser_fixable	apostrophe_contraction
literature	l'anno	l'anno	458	tokeniser_fixable	apostrophe_contraction
literature	ferrara	ferrara	458	foreign_word	
literature	facea	facea	454	archaic	
literature	sieno	sieno	448	residual	
literature	gaudenzi	gaudenzi	448	residual	
literature	nanà	nanà	445	residual	
literature	nessuna	nessun	437	residual	
literature	poscia	poscia	431	residual	
literature	dovè	dovè	427	residual	
literature	ibn-khaldûn	ibn-khaldûn	427	residual	
literature	ch'a	ch'a	426	tokeniser_fixable	apostrophe_contraction
literature	donde	donde	425	residual	
literature	diè	diè	422	residual	
literature	giovine	giovine	421	residual	
literature	siria	siria	410	proper_noun	
literature	nol	nol	408	residual	
literature	puglia	puglia	407	proper_noun	
literature	farlo	farlo	405	tokeniser_fixable	clitic_verb
literature	talora	talora	404	residual	
literature	costantino	costantino	400	residual	
literature	soggiunse	soggiungere	399	residual	
literature	genova	genova	398	proper_noun	
literature	l'acqua	l'acqua	395	tokeniser_fixable	apostrophe_contraction
literature	nowairi	nowairi	395	residual	
literature	dirsi	dirsi	391	tokeniser_fixable	clitic_verb
literature	tiberio	tiberio	390	residual	
literature	michele	michele	389	proper_noun	
literature	arrigo	arrigo	389	residual	
literature	alfonso	alfonso	389	proper_noun	
literature	arabico	arabico	388	residual	
literature	l'ho	l'ho	385	tokeniser_fixable	apostrophe_contraction
literature	atene	atene	385	tokeniser_fixable	clitic_verb
literature	volea	volea	385	archaic	
literature	siracusa	siracusa	384	residual	
literature	rinaldo	rinaldo	383	proper_noun	
literature	bologna	bologna	379	proper_noun	
literature	farne	farne	378	tokeniser_fixable	clitic_verb
literature	gallia	gallia	378	residual	
literature	cedric	cedric	377	foreign_word	
literature	xiii	xiii	374	numerals_acronyms	
literature	gagliardo	gagliardo	371	residual	
literature	ch'ella	ch'ella	371	archaic	
literature	alli	alli	370	proper_noun	
literature	troilo	troilo	370	residual	
literature	rerum	rerum	370	residual	
literature	d'essere	d'essere	367	tokeniser_fixable	apostrophe_contraction
literature	aragona	aragona	366	residual	
literature	parea	parea	364	residual	
literature	giacchè	giacchè	363	residual	
literature	l'autore	l'autore	363	tokeniser_fixable	apostrophe_contraction
literature	nerone	nerone	360	residual	
literature	l'una	l'una	357	tokeniser_fixable	apostrophe_contraction
literature	addietro	addietro	357	residual	
literature	malaterra	malaterra	357	residual	
literature	spagnuoli	spagnuoli	353	foreign_word	
literature	sclamò	sclamò	353	residual	
literature	vel	vel	350	residual	
literature	l'uomo	l'uomo	348	tokeniser_fixable	apostrophe_contraction
literature	reggio	reggio	345	residual	
literature	figliuola	figliuola	342	archaic	
literature	cartagine	cartagine	342	residual	
literature	recto	recto	339	foreign_word	
literature	allor	allor	338	residual	
literature	trovasi	trovasi	337	tokeniser_fixable	clitic_verb
literature	histoire	histoire	337	residual	
literature	l'aria	l'aria	336	tokeniser_fixable	apostrophe_contraction
literature	d'acqua	d'acqua	336	tokeniser_fixable	apostrophe_contraction
literature	arabo-sicula	arabo-siculo	335	residual	
literature	l'ha	l'ha	327	tokeniser_fixable	apostrophe_contraction
literature	officio	officiare	327	residual	
literature	cittá	cittá	326	residual	
literature	infino	infino	321	residual	
literature	fanfulla	fanfulla	321	residual	
literature	ch'è	ch'è	319	tokeniser_fixable	apostrophe_contraction
literature	ind	ind	318	foreign_word	
literature	cavallier	cavallier	318	residual	
literature	cornelio	cornelio	317	residual	
literature	baiân	baiân	317	residual	
literature	catania	catania	316	proper_noun	
literature	niuno	niuno	315	residual	
literature	s'io	s'io	314	archaic	
literature	soldaniero	soldaniero	314	residual	
literature	trovarsi	trovarsi	312	tokeniser_fixable	clitic_verb
literature	l'animo	l'animo	312	tokeniser_fixable	apostrophe_contraction
literature	alessandria	alessandria	312	residual	
literature	lagrime	lagrima	312	residual	
literature	fol	fol	311	residual	
literature	pe'	pe'	310	archaic	
literature	tolomeo	tolomeo	308	residual	
literature	l'anima	l'anima	307	tokeniser_fixable	apostrophe_contraction
literature	debbo	debbo	307	residual	
literature	gerusalemme	gerusalemme	307	residual	
literature	essersi	essersi	306	tokeniser_fixable	clitic_verb
literature	neocastro	neocastro	304	residual	
literature	quae	quae	304	residual	
literature	l'aveva	l'aveva	303	tokeniser_fixable	apostrophe_contraction
literature	ch'in	ch'in	303	tokeniser_fixable	apostrophe_contraction
opensubs	perche	perche	489341	tokeniser_fixable	accent_stripped
opensubs	piu	piu	394239	tokeniser_fixable	accent_stripped
opensubs	cosi	cosi	369960	tokeniser_fixable	accent_stripped
opensubs	tanto	tangere	158527	phantom_upstream_lemma	lemma_guess=tangere
opensubs	farlo	farlo	150609	tokeniser_fixable	clitic_verb
opensubs	e'	e'	77610	residual	
opensubs	nessun	nessun	74557	residual	
opensubs	perchè	perchè	71521	residual	
opensubs	nessuna	nessun	57823	residual	
opensubs	farti	farti	52593	tokeniser_fixable	clitic_verb
opensubs	farmi	farmi	48776	tokeniser_fixable	clitic_verb
opensubs	dammi	dammi	41718	residual	
opensubs	fammi	fammi	40278	residual	
opensubs	smettila	smettila	39023	residual	
opensubs	dirmi	dirmi	36757	tokeniser_fixable	clitic_verb
opensubs	dirlo	dirlo	35840	tokeniser_fixable	clitic_verb
opensubs	vuol	vuol	34483	residual	
opensubs	verita	verita	33992	tokeniser_fixable	accent_stripped
opensubs	saperlo	saperlo	33097	tokeniser_fixable	clitic_verb
opensubs	preoccuparti	preoccuparti	32145	tokeniser_fixable	clitic_verb
opensubs	é	é	31392	residual	
opensubs	dev'	dev'	31186	residual	
opensubs	dirti	dirti	31022	tokeniser_fixable	clitic_verb
opensubs	finche	finche	30933	tokeniser_fixable	accent_stripped
opensubs	piu'	piu'	29996	residual	
opensubs	i'	i'	29982	residual	
opensubs	scusami	scusami	29718	tokeniser_fixable	clitic_verb
opensubs	perche'	perche'	27909	residual	
opensubs	vederti	vederti	27318	tokeniser_fixable	clitic_verb
opensubs	charlie	charlie	26128	proper_noun	
opensubs	lasciami	lasciami	26113	tokeniser_fixable	clitic_verb
opensubs	mike	mike	25758	proper_noun	
opensubs	vattene	vattene	23618	residual	
opensubs	esserci	esserci	23436	tokeniser_fixable	clitic_verb
opensubs	george	george	22935	proper_noun	
opensubs	andra	andra	21809	proper_noun	
opensubs	averlo	averlo	21473	tokeniser_fixable	clitic_verb
opensubs	henry	henry	20777	proper_noun	
opensubs	aiutarti	aiutarti	20443	tokeniser_fixable	clitic_verb
opensubs	america	america	20120	proper_noun	
opensubs	jane	jane	20009	proper_noun	
opensubs	possibilita	possibilita	20002	tokeniser_fixable	accent_stripped
opensubs	fbi	fbi	19975	numerals_acronyms	
opensubs	ascoltami	ascoltami	19755	tokeniser_fixable	clitic_verb
opensubs	bellissima	bellissima	19570	residual	
opensubs	siediti	siediti	19109	residual	
opensubs	parlarne	parlarne	19046	tokeniser_fixable	clitic_verb
opensubs	danny	danny	18788	proper_noun	
opensubs	alcun	alcun	18629	residual	
opensubs	percio	percio	18522	tokeniser_fixable	accent_stripped
opensubs	farla	farla	18179	tokeniser_fixable	clitic_verb
opensubs	farsi	farsi	17721	tokeniser_fixable	clitic_verb
opensubs	averti	averti	17557	tokeniser_fixable	clitic_verb
opensubs	jake	jake	17148	proper_noun	
opensubs	vederlo	vederlo	16874	tokeniser_fixable	clitic_verb
opensubs	jimmy	jimmy	16613	proper_noun	
opensubs	parlarti	parlarti	16610	tokeniser_fixable	clitic_verb
opensubs	gliel'	gliel'	16490	residual	
opensubs	aiutarmi	aiutarmi	16354	tokeniser_fixable	clitic_verb
opensubs	farcela	farcela	16249	tokeniser_fixable	clitic_verb
opensubs	bellissimo	bellissimo	16047	residual	
opensubs	farle	farle	15798	tokeniser_fixable	clitic_verb
opensubs	qualcos'	qualcos'	15591	residual	
opensubs	steve	steve	15344	proper_noun	
opensubs	darmi	darmi	15279	tokeniser_fixable	clitic_verb
opensubs	darti	darti	15260	tokeniser_fixable	clitic_verb
opensubs	gesu	gesu	15033	residual	
opensubs	tommy	tommy	14889	proper_noun	
opensubs	maggior	maggior	14720	residual	
opensubs	avermi	avermi	14689	tokeniser_fixable	clitic_verb
opensubs	avra	avra	14464	residual	
opensubs	aiutarla	aiutarla	14082	tokeniser_fixable	clitic_verb
opensubs	ryan	ryan	13986	proper_noun	
opensubs	guardami	guardami	13886	tokeniser_fixable	clitic_verb
opensubs	londra	londra	13697	proper_noun	
opensubs	vederla	vederla	13677	tokeniser_fixable	clitic_verb
opensubs	amy	amy	13630	proper_noun	
opensubs	billy	billy	13615	proper_noun	
opensubs	aiutami	aiutami	13584	tokeniser_fixable	clitic_verb
opensubs	cosi'	cosi'	13573	residual	
opensubs	richard	richard	13478	proper_noun	
opensubs	verra	verra	13224	residual	
opensubs	averla	averla	13198	tokeniser_fixable	clitic_verb
opensubs	digli	digli	13014	residual	
opensubs	daniel	daniel	13010	proper_noun	
opensubs	dirle	dirle	12996	tokeniser_fixable	clitic_verb
opensubs	parigi	parigi	12917	proper_noun	
opensubs	kevin	kevin	12887	proper_noun	
opensubs	andartene	andartene	12862	tokeniser_fixable	clitic_verb
opensubs	srt	srt	12789	numerals_acronyms	
opensubs	johnny	johnny	12726	proper_noun	
opensubs	maria	maria	12448	proper_noun	
opensubs	prendermi	prendermi	12305	tokeniser_fixable	clitic_verb
opensubs	kate	kate	12295	proper_noun	
opensubs	chris	chris	12245	proper_noun	
opensubs	robert	robert	12005	proper_noun	
opensubs	andarci	andarci	11981	tokeniser_fixable	clitic_verb
opensubs	adam	adam	11978	proper_noun	
opensubs	dirtelo	dirtelo	11977	tokeniser_fixable	clitic_verb
opensubs	chiederti	chiederti	11925	tokeniser_fixable	clitic_verb
opensubs	brian	brian	11829	proper_noun	
opensubs	fargli	fargli	11810	tokeniser_fixable	clitic_verb
opensubs	muoviti	muoviti	11794	residual	
opensubs	charles	charles	11784	proper_noun	
opensubs	angeles	angeles	11783	residual	
opensubs	scott	scott	11679	proper_noun	
opensubs	rachel	rachel	11674	proper_noun	
opensubs	laggiu	laggiu	11436	residual	
opensubs	washington	washington	11424	proper_noun	
opensubs	pensarci	pensarci	11373	tokeniser_fixable	clitic_verb
opensubs	avro	avro	11243	residual	
opensubs	eddie	eddie	11213	proper_noun	
opensubs	claire	claire	11086	proper_noun	
opensubs	emma	emma	11059	proper_noun	
opensubs	emily	emily	11031	proper_noun	
opensubs	trovarlo	trovarlo	10858	tokeniser_fixable	clitic_verb
opensubs	scusatemi	scusatemi	10841	residual	
opensubs	chiamami	chiamami	10828	tokeniser_fixable	clitic_verb
opensubs	prenderti	prenderti	10697	tokeniser_fixable	clitic_verb
opensubs	crederci	crederci	10687	tokeniser_fixable	clitic_verb
opensubs	martin	martin	10686	proper_noun	
opensubs	esserlo	esserlo	10642	tokeniser_fixable	clitic_verb
opensubs	andarmene	andarmene	10619	tokeniser_fixable	clitic_verb
opensubs	josh	josh	10419	proper_noun	
opensubs	eric	eric	10371	proper_noun	
opensubs	credimi	credimi	10346	residual	
opensubs	quand'	quand'	10314	residual	
opensubs	nient'	nient'	10313	residual	
opensubs	vedermi	vedermi	10308	tokeniser_fixable	clitic_verb
opensubs	kim	kim	10296	proper_noun	
opensubs	dirgli	dirgli	10291	tokeniser_fixable	clitic_verb
opensubs	pete	pete	10258	proper_noun	
opensubs	dargli	dargli	10235	tokeniser_fixable	clitic_verb
opensubs	thomas	thomas	10156	proper_noun	
opensubs	chiamarmi	chiamarmi	10003	tokeniser_fixable	clitic_verb
opensubs	uccidermi	uccidermi	9976	tokeniser_fixable	clitic_verb
opensubs	andarsene	andarsene	9974	tokeniser_fixable	clitic_verb
opensubs	lascialo	lascialo	9969	tokeniser_fixable	clitic_verb
opensubs	annie	annie	9818	proper_noun	
opensubs	o'	o'	9803	residual	
opensubs	conoscerti	conoscerti	9719	tokeniser_fixable	clitic_verb
opensubs	tantissimo	tantissimo	9702	residual	
opensubs	prenderlo	prenderlo	9679	tokeniser_fixable	clitic_verb
opensubs	chuck	chuck	9555	proper_noun	
opensubs	luke	luke	9544	proper_noun	
opensubs	simon	simon	9468	proper_noun	
opensubs	ted	ted	9437	proper_noun	
opensubs	abby	abby	9387	proper_noun	
opensubs	succedera	succedera	9386	residual	
opensubs	offerto	offerto	9378	residual	
opensubs	lasciarmi	lasciarmi	9322	tokeniser_fixable	clitic_verb
opensubs	lasciatemi	lasciatemi	9293	residual	
opensubs	lucy	lucy	9227	proper_noun	
opensubs	andarcene	andarcene	9225	tokeniser_fixable	clitic_verb
opensubs	parlarle	parlarle	9180	tokeniser_fixable	clitic_verb
opensubs	laura	laura	8997	proper_noun	
opensubs	bell'	bell'	8993	residual	
opensubs	hank	hank	8895	proper_noun	
opensubs	jeff	jeff	8809	proper_noun	
opensubs	vorra	vorra	8806	residual	
opensubs	carl	carl	8802	proper_noun	
opensubs	scusarmi	scusarmi	8717	tokeniser_fixable	clitic_verb
opensubs	dirci	dirci	8701	tokeniser_fixable	clitic_verb
opensubs	sean	sean	8654	proper_noun	
opensubs	potra	potra	8650	residual	
opensubs	dirmelo	dirmelo	8614	tokeniser_fixable	clitic_verb
opensubs	dirglielo	dirglielo	8578	tokeniser_fixable	clitic_verb
opensubs	ucciderlo	ucciderlo	8569	tokeniser_fixable	clitic_verb
opensubs	chicago	chicago	8563	residual	
opensubs	sentirmi	sentirmi	8478	tokeniser_fixable	clitic_verb
opensubs	aiutarci	aiutarci	8421	tokeniser_fixable	clitic_verb
opensubs	larry	larry	8415	proper_noun	
opensubs	dean	dean	8379	proper_noun	
opensubs	dovro	dovro	8330	residual	
opensubs	dillo	dillo	8316	residual	
opensubs	fatemi	fatemi	8304	residual	
opensubs	kyle	kyle	8289	proper_noun	
opensubs	muoversi	muoversi	8223	tokeniser_fixable	clitic_verb
opensubs	farvi	farvi	8219	tokeniser_fixable	clitic_verb
opensubs	sissignore	sissignore	8216	residual	
opensubs	phil	phil	8210	proper_noun	
opensubs	smetterla	smetterla	8169	tokeniser_fixable	clitic_verb
opensubs	puo'	puo'	8163	residual	
opensubs	jerry	jerry	8114	proper_noun	
opensubs	societa	societa	8112	tokeniser_fixable	accent_stripped
opensubs	louis	louis	8080	proper_noun	
opensubs	lily	lily	8050	proper_noun	
opensubs	darle	darle	7966	tokeniser_fixable	clitic_verb
opensubs	mettiti	mettiti	7943	residual	
opensubs	roger	roger	7933	proper_noun	
opensubs	jenny	jenny	7893	proper_noun	
opensubs	prenderla	prenderla	7885	tokeniser_fixable	clitic_verb
opensubs	clark	clark	7880	proper_noun	
opensubs	trovarmi	trovarmi	7862	tokeniser_fixable	clitic_verb
opensubs	barry	barry	7811	proper_noun	
opensubs	facciamolo	facciamolo	7794	residual	
opensubs	gary	gary	7743	proper_noun	
opensubs	resynch	resynch	7734	residual	
opensubs	kelly	kelly	7675	proper_noun	
opensubs	averne	averne	7640	tokeniser_fixable	clitic_verb
hermitdave	perche	perche	489341	tokeniser_fixable	accent_stripped
hermitdave	piu	piu	394239	tokeniser_fixable	accent_stripped
hermitdave	cosi	cosi	369960	tokeniser_fixable	accent_stripped
hermitdave	tanto	tangere	158527	phantom_upstream_lemma	lemma_guess=tangere
hermitdave	farlo	farlo	150609	tokeniser_fixable	clitic_verb
hermitdave	e'	e'	77610	residual	
hermitdave	nessun	nessun	74557	residual	
hermitdave	perchè	perchè	71521	residual	
hermitdave	nessuna	nessun	57823	residual	
hermitdave	farti	farti	52593	tokeniser_fixable	clitic_verb
hermitdave	farmi	farmi	48776	tokeniser_fixable	clitic_verb
hermitdave	dammi	dammi	41718	residual	
hermitdave	fammi	fammi	40278	residual	
hermitdave	smettila	smettila	39023	residual	
hermitdave	dirmi	dirmi	36757	tokeniser_fixable	clitic_verb
hermitdave	dirlo	dirlo	35840	tokeniser_fixable	clitic_verb
hermitdave	vuol	vuol	34483	residual	
hermitdave	verita	verita	33992	tokeniser_fixable	accent_stripped
hermitdave	saperlo	saperlo	33097	tokeniser_fixable	clitic_verb
hermitdave	preoccuparti	preoccuparti	32145	tokeniser_fixable	clitic_verb
hermitdave	é	é	31392	residual	
hermitdave	dev'	dev'	31186	residual	
hermitdave	dirti	dirti	31022	tokeniser_fixable	clitic_verb
hermitdave	finche	finche	30933	tokeniser_fixable	accent_stripped
hermitdave	piu'	piu'	29996	residual	
hermitdave	i'	i'	29982	residual	
hermitdave	scusami	scusami	29718	tokeniser_fixable	clitic_verb
hermitdave	perche'	perche'	27909	residual	
hermitdave	vederti	vederti	27318	tokeniser_fixable	clitic_verb
hermitdave	charlie	charlie	26128	proper_noun	
hermitdave	lasciami	lasciami	26113	tokeniser_fixable	clitic_verb
hermitdave	mike	mike	25758	proper_noun	
hermitdave	vattene	vattene	23618	residual	
hermitdave	esserci	esserci	23436	tokeniser_fixable	clitic_verb
hermitdave	george	george	22935	proper_noun	
hermitdave	andra	andra	21809	proper_noun	
hermitdave	averlo	averlo	21473	tokeniser_fixable	clitic_verb
hermitdave	henry	henry	20777	proper_noun	
hermitdave	aiutarti	aiutarti	20443	tokeniser_fixable	clitic_verb
hermitdave	america	america	20120	proper_noun	
hermitdave	jane	jane	20009	proper_noun	
hermitdave	possibilita	possibilita	20002	tokeniser_fixable	accent_stripped
hermitdave	fbi	fbi	19975	numerals_acronyms	
hermitdave	ascoltami	ascoltami	19755	tokeniser_fixable	clitic_verb
hermitdave	bellissima	bellissima	19570	residual	
hermitdave	siediti	siediti	19109	residual	
hermitdave	parlarne	parlarne	19046	tokeniser_fixable	clitic_verb
hermitdave	danny	danny	18788	proper_noun	
hermitdave	alcun	alcun	18629	residual	
hermitdave	percio	percio	18522	tokeniser_fixable	accent_stripped
hermitdave	farla	farla	18179	tokeniser_fixable	clitic_verb
hermitdave	farsi	farsi	17721	tokeniser_fixable	clitic_verb
hermitdave	averti	averti	17557	tokeniser_fixable	clitic_verb
hermitdave	jake	jake	17148	proper_noun	
hermitdave	vederlo	vederlo	16874	tokeniser_fixable	clitic_verb
hermitdave	jimmy	jimmy	16613	proper_noun	
hermitdave	parlarti	parlarti	16610	tokeniser_fixable	clitic_verb
hermitdave	gliel'	gliel'	16490	residual	
hermitdave	aiutarmi	aiutarmi	16354	tokeniser_fixable	clitic_verb
hermitdave	farcela	farcela	16249	tokeniser_fixable	clitic_verb
hermitdave	bellissimo	bellissimo	16047	residual	
hermitdave	farle	farle	15798	tokeniser_fixable	clitic_verb
hermitdave	qualcos'	qualcos'	15591	residual	
hermitdave	steve	steve	15344	proper_noun	
hermitdave	darmi	darmi	15279	tokeniser_fixable	clitic_verb
hermitdave	darti	darti	15260	tokeniser_fixable	clitic_verb
hermitdave	gesu	gesu	15033	residual	
hermitdave	tommy	tommy	14889	proper_noun	
hermitdave	maggior	maggior	14720	residual	
hermitdave	avermi	avermi	14689	tokeniser_fixable	clitic_verb
hermitdave	avra	avra	14464	residual	
hermitdave	aiutarla	aiutarla	14082	tokeniser_fixable	clitic_verb
hermitdave	ryan	ryan	13986	proper_noun	
hermitdave	guardami	guardami	13886	tokeniser_fixable	clitic_verb
hermitdave	londra	londra	13697	proper_noun	
hermitdave	vederla	vederla	13677	tokeniser_fixable	clitic_verb
hermitdave	amy	amy	13630	proper_noun	
hermitdave	billy	billy	13615	proper_noun	
hermitdave	aiutami	aiutami	13584	tokeniser_fixable	clitic_verb
hermitdave	cosi'	cosi'	13573	residual	
hermitdave	richard	richard	13478	proper_noun	
hermitdave	verra	verra	13224	residual	
hermitdave	averla	averla	13198	tokeniser_fixable	clitic_verb
hermitdave	digli	digli	13014	residual	
hermitdave	daniel	daniel	13010	proper_noun	
hermitdave	dirle	dirle	12996	tokeniser_fixable	clitic_verb
hermitdave	parigi	parigi	12917	proper_noun	
hermitdave	kevin	kevin	12887	proper_noun	
hermitdave	andartene	andartene	12862	tokeniser_fixable	clitic_verb
hermitdave	srt	srt	12789	numerals_acronyms	
hermitdave	johnny	johnny	12726	proper_noun	
hermitdave	maria	maria	12448	proper_noun	
hermitdave	prendermi	prendermi	12305	tokeniser_fixable	clitic_verb
hermitdave	kate	kate	12295	proper_noun	
hermitdave	chris	chris	12245	proper_noun	
hermitdave	robert	robert	12005	proper_noun	
hermitdave	andarci	andarci	11981	tokeniser_fixable	clitic_verb
hermitdave	adam	adam	11978	proper_noun	
hermitdave	dirtelo	dirtelo	11977	tokeniser_fixable	clitic_verb
hermitdave	chiederti	chiederti	11925	tokeniser_fixable	clitic_verb
hermitdave	brian	brian	11829	proper_noun	
hermitdave	fargli	fargli	11810	tokeniser_fixable	clitic_verb
hermitdave	muoviti	muoviti	11794	residual	
hermitdave	charles	charles	11784	proper_noun	
hermitdave	angeles	angeles	11783	residual	
hermitdave	scott	scott	11679	proper_noun	
hermitdave	rachel	rachel	11674	proper_noun	
hermitdave	laggiu	laggiu	11436	residual	
hermitdave	washington	washington	11424	proper_noun	
hermitdave	pensarci	pensarci	11373	tokeniser_fixable	clitic_verb
hermitdave	avro	avro	11243	residual	
hermitdave	eddie	eddie	11213	proper_noun	
hermitdave	claire	claire	11086	proper_noun	
hermitdave	emma	emma	11059	proper_noun	
hermitdave	emily	emily	11031	proper_noun	
hermitdave	trovarlo	trovarlo	10858	tokeniser_fixable	clitic_verb
hermitdave	scusatemi	scusatemi	10841	residual	
hermitdave	chiamami	chiamami	10828	tokeniser_fixable	clitic_verb
hermitdave	prenderti	prenderti	10697	tokeniser_fixable	clitic_verb
hermitdave	crederci	crederci	10687	tokeniser_fixable	clitic_verb
hermitdave	martin	martin	10686	proper_noun	
hermitdave	esserlo	esserlo	10642	tokeniser_fixable	clitic_verb
hermitdave	andarmene	andarmene	10619	tokeniser_fixable	clitic_verb
hermitdave	josh	josh	10419	proper_noun	
hermitdave	eric	eric	10371	proper_noun	
hermitdave	credimi	credimi	10346	residual	
hermitdave	quand'	quand'	10314	residual	
hermitdave	nient'	nient'	10313	residual	
hermitdave	vedermi	vedermi	10308	tokeniser_fixable	clitic_verb
hermitdave	kim	kim	10296	proper_noun	
hermitdave	dirgli	dirgli	10291	tokeniser_fixable	clitic_verb
hermitdave	pete	pete	10258	proper_noun	
hermitdave	dargli	dargli	10235	tokeniser_fixable	clitic_verb
hermitdave	thomas	thomas	10156	proper_noun	
hermitdave	chiamarmi	chiamarmi	10003	tokeniser_fixable	clitic_verb
hermitdave	uccidermi	uccidermi	9976	tokeniser_fixable	clitic_verb
hermitdave	andarsene	andarsene	9974	tokeniser_fixable	clitic_verb
hermitdave	lascialo	lascialo	9969	tokeniser_fixable	clitic_verb
hermitdave	annie	annie	9818	proper_noun	
hermitdave	o'	o'	9803	residual	
hermitdave	conoscerti	conoscerti	9719	tokeniser_fixable	clitic_verb
hermitdave	tantissimo	tantissimo	9702	residual	
hermitdave	prenderlo	prenderlo	9679	tokeniser_fixable	clitic_verb
hermitdave	chuck	chuck	9555	proper_noun	
hermitdave	luke	luke	9544	proper_noun	
hermitdave	simon	simon	9468	proper_noun	
hermitdave	ted	ted	9437	proper_noun	
hermitdave	abby	abby	9387	proper_noun	
hermitdave	succedera	succedera	9386	residual	
hermitdave	offerto	offerto	9378	residual	
hermitdave	lasciarmi	lasciarmi	9322	tokeniser_fixable	clitic_verb
hermitdave	lasciatemi	lasciatemi	9293	residual	
hermitdave	lucy	lucy	9227	proper_noun	
hermitdave	andarcene	andarcene	9225	tokeniser_fixable	clitic_verb
hermitdave	parlarle	parlarle	9180	tokeniser_fixable	clitic_verb
hermitdave	laura	laura	8997	proper_noun	
hermitdave	bell'	bell'	8993	residual	
hermitdave	hank	hank	8895	proper_noun	
hermitdave	jeff	jeff	8809	proper_noun	
hermitdave	vorra	vorra	8806	residual	
hermitdave	carl	carl	8802	proper_noun	
hermitdave	scusarmi	scusarmi	8717	tokeniser_fixable	clitic_verb
hermitdave	dirci	dirci	8701	tokeniser_fixable	clitic_verb
hermitdave	sean	sean	8654	proper_noun	
hermitdave	potra	potra	8650	residual	
hermitdave	dirmelo	dirmelo	8614	tokeniser_fixable	clitic_verb
hermitdave	dirglielo	dirglielo	8578	tokeniser_fixable	clitic_verb
hermitdave	ucciderlo	ucciderlo	8569	tokeniser_fixable	clitic_verb
hermitdave	chicago	chicago	8563	residual	
hermitdave	sentirmi	sentirmi	8478	tokeniser_fixable	clitic_verb
hermitdave	aiutarci	aiutarci	8421	tokeniser_fixable	clitic_verb
hermitdave	larry	larry	8415	proper_noun	
hermitdave	dean	dean	8379	proper_noun	
hermitdave	dovro	dovro	8330	residual	
hermitdave	dillo	dillo	8316	residual	
hermitdave	fatemi	fatemi	8304	residual	
hermitdave	kyle	kyle	8289	proper_noun	
hermitdave	muoversi	muoversi	8223	tokeniser_fixable	clitic_verb
hermitdave	farvi	farvi	8219	tokeniser_fixable	clitic_verb
hermitdave	sissignore	sissignore	8216	residual	
hermitdave	phil	phil	8210	proper_noun	
hermitdave	smetterla	smetterla	8169	tokeniser_fixable	clitic_verb
hermitdave	puo'	puo'	8163	residual	
hermitdave	jerry	jerry	8114	proper_noun	
hermitdave	societa	societa	8112	tokeniser_fixable	accent_stripped
hermitdave	louis	louis	8080	proper_noun	
hermitdave	lily	lily	8050	proper_noun	
hermitdave	darle	darle	7966	tokeniser_fixable	clitic_verb
hermitdave	mettiti	mettiti	7943	residual	
hermitdave	roger	roger	7933	proper_noun	
hermitdave	jenny	jenny	7893	proper_noun	
hermitdave	prenderla	prenderla	7885	tokeniser_fixable	clitic_verb
hermitdave	clark	clark	7880	proper_noun	
hermitdave	trovarmi	trovarmi	7862	tokeniser_fixable	clitic_verb
hermitdave	barry	barry	7811	proper_noun	
hermitdave	facciamolo	facciamolo	7794	residual	
hermitdave	gary	gary	7743	proper_noun	
hermitdave	resynch	resynch	7734	residual	
hermitdave	kelly	kelly	7675	proper_noun	
hermitdave	averne	averne	7640	tokeniser_fixable	clitic_verb
orgtre	E'	e'	2807476	residual	
orgtre	perche	perche	1283914	tokeniser_fixable	accent_stripped
orgtre	piu	piu	1053049	tokeniser_fixable	accent_stripped
orgtre	cosi	cosi	906780	tokeniser_fixable	accent_stripped
orgtre	farlo	farlo	378367	tokeniser_fixable	clitic_verb
orgtre	tanto	tangere	370108	phantom_upstream_lemma	lemma_guess=tangere
orgtre	nessun	nessun	176654	residual	
orgtre	nessuna	nessun	136923	residual	
orgtre	farti	farti	131358	tokeniser_fixable	clitic_verb
orgtre	farmi	farmi	118804	tokeniser_fixable	clitic_verb
orgtre	perchè	perchè	115085	residual	
orgtre	fammi	fammi	93692	residual	
orgtre	finche	finche	92284	tokeniser_fixable	accent_stripped
orgtre	verita	verita	91974	tokeniser_fixable	accent_stripped
orgtre	dirmi	dirmi	90946	tokeniser_fixable	clitic_verb
orgtre	dammi	dammi	89931	residual	
orgtre	smettila	smettila	88295	residual	
orgtre	dirlo	dirlo	86138	tokeniser_fixable	clitic_verb
orgtre	saperlo	saperlo	82902	tokeniser_fixable	clitic_verb
orgtre	vuol	vuol	80600	residual	
orgtre	dev'	dev'	76897	residual	
orgtre	dirti	dirti	74899	tokeniser_fixable	clitic_verb
orgtre	preoccuparti	preoccuparti	72858	tokeniser_fixable	clitic_verb
orgtre	scusami	scusami	69787	tokeniser_fixable	clitic_verb
orgtre	Mike	mike	66746	proper_noun	
orgtre	vederti	vederti	63493	tokeniser_fixable	clitic_verb
orgtre	possibilita	possibilita	62055	tokeniser_fixable	accent_stripped
orgtre	Charlie	charlie	59459	proper_noun	
orgtre	FBI	fbi	59030	numerals_acronyms	
orgtre	esserci	esserci	58493	tokeniser_fixable	clitic_verb
orgtre	Henry	henry	55869	proper_noun	
orgtre	I'	i'	55610	residual	
orgtre	's	's	55516	residual	
orgtre	Jane	jane	55185	proper_noun	
orgtre	andra	andra	54240	proper_noun	
orgtre	averlo	averlo	53294	tokeniser_fixable	clitic_verb
orgtre	lasciami	lasciami	53010	tokeniser_fixable	clitic_verb
orgtre	aiutarti	aiutarti	52947	tokeniser_fixable	clitic_verb
orgtre	vattene	vattene	52097	residual	
orgtre	George	george	50218	proper_noun	
orgtre	é	é	49966	residual	
orgtre	percio	percio	49269	tokeniser_fixable	accent_stripped
orgtre	ascoltami	ascoltami	48436	tokeniser_fixable	clitic_verb
orgtre	parlarne	parlarne	47768	tokeniser_fixable	clitic_verb
orgtre	alcun	alcun	46590	residual	
orgtre	Danny	danny	45390	proper_noun	
orgtre	bellissima	bellissima	44797	residual	
orgtre	America	america	44559	proper_noun	
orgtre	farla	farla	44430	tokeniser_fixable	clitic_verb
orgtre	averti	averti	43703	tokeniser_fixable	clitic_verb
orgtre	farsi	farsi	43254	tokeniser_fixable	clitic_verb
orgtre	siediti	siediti	41348	residual	
orgtre	avra	avra	41009	residual	
orgtre	aiutarmi	aiutarmi	40357	tokeniser_fixable	clitic_verb
orgtre	farcela	farcela	40186	tokeniser_fixable	clitic_verb
orgtre	parlarti	parlarti	40082	tokeniser_fixable	clitic_verb
orgtre	Jimmy	jimmy	40012	proper_noun	
orgtre	gliel'	gliel'	39678	residual	
orgtre	farle	farle	39238	tokeniser_fixable	clitic_verb
orgtre	vederlo	vederlo	38729	tokeniser_fixable	clitic_verb
orgtre	Jake	jake	38477	proper_noun	
orgtre	qualcos'	qualcos'	37741	residual	
orgtre	darti	darti	37359	tokeniser_fixable	clitic_verb
orgtre	verra	verra	36922	residual	
orgtre	avermi	avermi	36812	tokeniser_fixable	clitic_verb
orgtre	Ryan	ryan	36340	proper_noun	
orgtre	bellissimo	bellissimo	36336	residual	
orgtre	darmi	darmi	36279	tokeniser_fixable	clitic_verb
orgtre	maggior	maggior	35413	residual	
orgtre	aiutarla	aiutarla	34621	tokeniser_fixable	clitic_verb
orgtre	Amy	amy	33718	proper_noun	
orgtre	Claire	claire	33162	proper_noun	
orgtre	Daniel	daniel	32721	proper_noun	
orgtre	guardami	guardami	32604	tokeniser_fixable	clitic_verb
orgtre	Emma	emma	32401	proper_noun	
orgtre	andartene	andartene	32304	tokeniser_fixable	clitic_verb
orgtre	Kevin	kevin	32204	proper_noun	
orgtre	Tommy	tommy	32169	proper_noun	
orgtre	Gesu	gesu	31926	residual	
orgtre	Resynch	resynch	31916	residual	
orgtre	Rachel	rachel	31673	proper_noun	
orgtre	averla	averla	31588	tokeniser_fixable	clitic_verb
orgtre	Emily	emily	31533	proper_noun	
orgtre	Richard	richard	31519	proper_noun	
orgtre	Kate	kate	31438	proper_noun	
orgtre	Steve	steve	31436	proper_noun	
orgtre	Charles	charles	31411	proper_noun	
orgtre	vederla	vederla	31099	tokeniser_fixable	clitic_verb
orgtre	Washington	washington	31077	proper_noun	
orgtre	Londra	londra	31029	proper_noun	
orgtre	Scott	scott	30781	proper_noun	
orgtre	aiutami	aiutami	30648	tokeniser_fixable	clitic_verb
orgtre	avro	avro	30382	residual	
orgtre	dirle	dirle	30248	tokeniser_fixable	clitic_verb
orgtre	digli	digli	29506	residual	
orgtre	fargli	fargli	29216	tokeniser_fixable	clitic_verb
orgtre	dirtelo	dirtelo	29134	tokeniser_fixable	clitic_verb
orgtre	chiederti	chiederti	28846	tokeniser_fixable	clitic_verb
orgtre	laggiu	laggiu	28589	residual	
orgtre	Johnny	johnny	28418	proper_noun	
orgtre	Robert	robert	28344	proper_noun	
orgtre	Billy	billy	28282	proper_noun	
orgtre	prendermi	prendermi	28160	tokeniser_fixable	clitic_verb
orgtre	trovarlo	trovarlo	27860	tokeniser_fixable	clitic_verb
orgtre	Chris	chris	27560	proper_noun	
orgtre	Adam	adam	27499	proper_noun	
orgtre	andarci	andarci	27421	tokeniser_fixable	clitic_verb
orgtre	Angeles	angeles	27396	residual	
orgtre	Hank	hank	27318	proper_noun	
orgtre	uccidermi	uccidermi	26928	tokeniser_fixable	clitic_verb
orgtre	esserlo	esserlo	26903	tokeniser_fixable	clitic_verb
orgtre	Barry	barry	26564	proper_noun	
orgtre	pensarci	pensarci	26490	tokeniser_fixable	clitic_verb
orgtre	tantissimo	tantissimo	26440	residual	
orgtre	Brian	brian	26345	proper_noun	
orgtre	Parigi	parigi	26334	proper_noun	
orgtre	succedera	succedera	25820	residual	
orgtre	Pete	pete	25795	proper_noun	
orgtre	quand'	quand'	25645	residual	
orgtre	andarmene	andarmene	25453	tokeniser_fixable	clitic_verb
orgtre	credimi	credimi	25332	residual	
orgtre	scusatemi	scusatemi	24958	residual	
orgtre	prenderti	prenderti	24936	tokeniser_fixable	clitic_verb
orgtre	Luke	luke	24778	proper_noun	
orgtre	chiamami	chiamami	24753	tokeniser_fixable	clitic_verb
orgtre	Chuck	chuck	24681	proper_noun	
orgtre	Louis	louis	24672	proper_noun	
orgtre	nient'	nient'	24613	residual	
orgtre	dirgli	dirgli	24609	tokeniser_fixable	clitic_verb
orgtre	vedermi	vedermi	24573	tokeniser_fixable	clitic_verb
orgtre	potra	potra	24511	residual	
orgtre	Ted	ted	24425	proper_noun	
orgtre	crederci	crederci	24402	tokeniser_fixable	clitic_verb
orgtre	andarsene	andarsene	24310	tokeniser_fixable	clitic_verb
orgtre	Eric	eric	24288	proper_noun	
orgtre	Eddie	eddie	24210	proper_noun	
orgtre	muoviti	muoviti	24148	residual	
orgtre	andarcene	andarcene	23962	tokeniser_fixable	clitic_verb
orgtre	Thomas	thomas	23961	proper_noun	
orgtre	dargli	dargli	23742	tokeniser_fixable	clitic_verb
orgtre	vorra	vorra	23674	residual	
orgtre	Martin	martin	23484	proper_noun	
orgtre	Lily	lily	23434	proper_noun	
orgtre	chiamarmi	chiamarmi	23428	tokeniser_fixable	clitic_verb
orgtre	Maria	maria	23307	proper_noun	
orgtre	Dean	dean	23196	proper_noun	
orgtre	offerto	offerto	23136	residual	
orgtre	dovro	dovro	23126	residual	
orgtre	ucciderlo	ucciderlo	22874	tokeniser_fixable	clitic_verb
orgtre	societa	societa	22737	tokeniser_fixable	accent_stripped
orgtre	Harvey	harvey	22624	proper_noun	
orgtre	prenderlo	prenderlo	22542	tokeniser_fixable	clitic_verb
orgtre	Oliver	oliver	22513	proper_noun	
orgtre	aiutarci	aiutarci	22508	tokeniser_fixable	clitic_verb
orgtre	conoscerti	conoscerti	22383	tokeniser_fixable	clitic_verb
orgtre	Carl	carl	22352	proper_noun	
orgtre	Lucy	lucy	22199	proper_noun	
orgtre	Simon	simon	21953	proper_noun	
orgtre	Phil	phil	21918	proper_noun	
orgtre	lasciarmi	lasciarmi	21846	tokeniser_fixable	clitic_verb
orgtre	lascialo	lascialo	21843	tokeniser_fixable	clitic_verb
orgtre	dirci	dirci	21781	tokeniser_fixable	clitic_verb
orgtre	O'	o'	21766	residual	
orgtre	Annie	annie	21598	proper_noun	
orgtre	Josh	josh	21592	proper_noun	
orgtre	parlarle	parlarle	21434	tokeniser_fixable	clitic_verb
orgtre	scusarmi	scusarmi	21301	tokeniser_fixable	clitic_verb
orgtre	Abby	abby	21190	proper_noun	
orgtre	Elena	elena	21175	proper_noun	
orgtre	dirmelo	dirmelo	21163	tokeniser_fixable	clitic_verb
orgtre	dovra	dovra	21138	residual	
orgtre	Morgan	morgan	20723	proper_noun	
orgtre	Jeff	jeff	20699	proper_noun	
orgtre	sentirmi	sentirmi	20628	tokeniser_fixable	clitic_verb
orgtre	dirglielo	dirglielo	20499	tokeniser_fixable	clitic_verb
orgtre	Kim	kim	20447	proper_noun	
orgtre	Sean	sean	20324	proper_noun	
orgtre	Olivia	olivia	20300	proper_noun	
orgtre	Vincent	vincent	20131	proper_noun	
orgtre	farvi	farvi	20119	tokeniser_fixable	clitic_verb
orgtre	lasciatemi	lasciatemi	20106	residual	
orgtre	bell'	bell'	19990	residual	
orgtre	smetterla	smetterla	19975	tokeniser_fixable	clitic_verb
orgtre	Maggie	maggie	19968	proper_noun	
orgtre	Sissignore	sissignore	19858	residual	
orgtre	Season	season	19853	foreign_word	
orgtre	Episode	episode	19708	foreign_word	
orgtre	trovarla	trovarla	19700	tokeniser_fixable	clitic_verb
orgtre	Rick	rick	19540	proper_noun	
orgtre	fatemi	fatemi	19531	residual	
orgtre	muoversi	muoversi	19397	tokeniser_fixable	clitic_verb
orgtre	penny	penny	19331	proper_noun	
orgtre	Kyle	kyle	19276	proper_noun	
orgtre	dillo	dillo	19221	residual	
orgtre	Amanda	amanda	19132	proper_noun	
orgtre	Karen	karen	19034	proper_noun	
orgtre	Chicago	chicago	18906	residual	
orgtre	daro	daro	18860	residual	
orgtre	Elizabeth	elizabeth	18789	proper_noun	
orgtre	darle	darle	18677	tokeniser_fixable	clitic_verb
